Title,Rating,Price (Â£)
Libertarianism for Beginners,2,51.33
Mesaerion: The Best Science Fiction Stories 1800-1849,1,37.59
Olio,1,23.88
"Our Band Could Be Your Life: Scenes from the American Indie Underground, 1981-1991",3,57.25
Rip it Up and Start Again,5,35.02
Scott Pilgrim's Precious Little Life (Scott Pilgrim #1),5,52.29
Libertarianism for Beginners,2,51.33
Mesaerion: The Best Science Fiction Stories 1800-1849,1,37.59
Olio,1,23.88
"Our Band Could Be Your Life: Scenes from the American Indie Underground, 1981-1991",3,57.25
Rip it Up and Start Again,5,35.02
Scott Pilgrim's Precious Little Life (Scott Pilgrim #1),5,52.29
Libertarianism for Beginners,2,51.33
Mesaerion: The Best Science Fiction Stories 1800-1849,1,37.59
Olio,1,23.88
"Our Band Could Be Your Life: Scenes from the American Indie Underground, 1981-1991",3,57.25
Rip it Up and Start Again,5,35.02
Scott Pilgrim's Precious Little Life (Scott Pilgrim #1),5,52.29
Libertarianism for Beginners,2,51.33
Mesaerion: The Best Science Fiction Stories 1800-1849,1,37.59
Olio,1,23.88
"Our Band Could Be Your Life: Scenes from the American Indie Underground, 1981-1991",3,57.25
Rip it Up and Start Again,5,35.02
Scott Pilgrim's Precious Little Life (Scott Pilgrim #1),5,52.29
Libertarianism for Beginners,2,51.33
Mesaerion: The Best Science Fiction Stories 1800-1849,1,37.59
Olio,1,23.88
"Our Band Could Be Your Life: Scenes from the American Indie Underground, 1981-1991",3,57.25
Rip it Up and Start Again,5,35.02
Scott Pilgrim's Precious Little Life (Scott Pilgrim #1),5,52.29
Libertarianism for Beginners,2,51.33
Mesaerion: The Best Science Fiction Stories 1800-1849,1,37.59
Olio,1,23.88
"Our Band Could Be Your Life: Scenes from the American Indie Underground, 1981-1991",3,57.25
Rip it Up and Start Again,5,35.02
Scott Pilgrim's Precious Little Life (Scott Pilgrim #1),5,52.29
Libertarianism for Beginners,2,51.33
Mesaerion: The Best Science Fiction Stories 1800-1849,1,37.59
Olio,1,23.88
"Our Band Could Be Your Life: Scenes from the American Indie Underground, 1981-1991",3,57.25
Rip it Up and Start Again,5,35.02
Scott Pilgrim's Precious Little Life (Scott Pilgrim #1),5,52.29
Libertarianism for Beginners,2,51.33
Mesaerion: The Best Science Fiction Stories 1800-1849,1,37.59
Olio,1,23.88
"Our Band Could Be Your Life: Scenes from the American Indie Underground, 1981-1991",3,57.25
Rip it Up and Start Again,5,35.02
Scott Pilgrim's Precious Little Life (Scott Pilgrim #1),5,52.29
Libertarianism for Beginners,2,51.33
Mesaerion: The Best Science Fiction Stories 1800-1849,1,37.59
Olio,1,23.88
"Our Band Could Be Your Life: Scenes from the American Indie Underground, 1981-1991",3,57.25
Rip it Up and Start Again,5,35.02
Scott Pilgrim's Precious Little Life (Scott Pilgrim #1),5,52.29
Libertarianism for Beginners,2,51.33
Mesaerion: The Best Science Fiction Stories 1800-1849,1,37.59
Olio,1,23.88
"Our Band Could Be Your Life: Scenes from the American Indie Underground, 1981-1991",3,57.25
Rip it Up and Start Again,5,35.02
Scott Pilgrim's Precious Little Life (Scott Pilgrim #1),5,52.29
Libertarianism for Beginners,2,51.33
Mesaerion: The Best Science Fiction Stories 1800-1849,1,37.59
Olio,1,23.88
"Our Band Could Be Your Life: Scenes from the American Indie Underground, 1981-1991",3,57.25
Rip it Up and Start Again,5,35.02
Scott Pilgrim's Precious Little Life (Scott Pilgrim #1),5,52.29
Libertarianism for Beginners,2,51.33
Mesaerion: The Best Science Fiction Stories 1800-1849,1,37.59
Olio,1,23.88
"Our Band Could Be Your Life: Scenes from the American Indie Underground, 1981-1991",3,57.25
Rip it Up and Start Again,5,35.02
Scott Pilgrim's Precious Little Life (Scott Pilgrim #1),5,52.29
Libertarianism for Beginners,2,51.33
Mesaerion: The Best Science Fiction Stories 1800-1849,1,37.59
Olio,1,23.88
"Our Band Could Be Your Life: Scenes from the American Indie Underground, 1981-1991",3,57.25
Rip it Up and Start Again,5,35.02
Scott Pilgrim's Precious Little Life (Scott Pilgrim #1),5,52.29
Libertarianism for Beginners,2,51.33
Mesaerion: The Best Science Fiction Stories 1800-1849,1,37.59
Olio,1,23.88
"Our Band Could Be Your Life: Scenes from the American Indie Underground, 1981-1991",3,57.25
Rip it Up and Start Again,5,35.02
Scott Pilgrim's Precious Little Life (Scott Pilgrim #1),5,52.29
Libertarianism for Beginners,2,51.33
Mesaerion: The Best Science Fiction Stories 1800-1849,1,37.59
Olio,1,23.88
"Our Band Could Be Your Life: Scenes from the American Indie Underground, 1981-1991",3,57.25
Rip it Up and Start Again,5,35.02
Scott Pilgrim's Precious Little Life (Scott Pilgrim #1),5,52.29
Libertarianism for Beginners,2,51.33
Mesaerion: The Best Science Fiction Stories 1800-1849,1,37.59
Olio,1,23.88
"Our Band Could Be Your Life: Scenes from the American Indie Underground, 1981-1991",3,57.25
Rip it Up and Start Again,5,35.02
Scott Pilgrim's Precious Little Life (Scott Pilgrim #1),5,52.29
Libertarianism for Beginners,2,51.33
Mesaerion: The Best Science Fiction Stories 1800-1849,1,37.59
Olio,1,23.88
"Our Band Could Be Your Life: Scenes from the American Indie Underground, 1981-1991",3,57.25
Rip it Up and Start Again,5,35.02
Scott Pilgrim's Precious Little Life (Scott Pilgrim #1),5,52.29
Libertarianism for Beginners,2,51.33
Mesaerion: The Best Science Fiction Stories 1800-1849,1,37.59
Olio,1,23.88
"Our Band Could Be Your Life: Scenes from the American Indie Underground, 1981-1991",3,57.25
Rip it Up and Start Again,5,35.02
Scott Pilgrim's Precious Little Life (Scott Pilgrim #1),5,52.29
Libertarianism for Beginners,2,51.33
Mesaerion: The Best Science Fiction Stories 1800-1849,1,37.59
Olio,1,23.88
"Our Band Could Be Your Life: Scenes from the American Indie Underground, 1981-1991",3,57.25
Rip it Up and Start Again,5,35.02
Scott Pilgrim's Precious Little Life (Scott Pilgrim #1),5,52.29
Libertarianism for Beginners,2,51.33
Mesaerion: The Best Science Fiction Stories 1800-1849,1,37.59
Olio,1,23.88
"Our Band Could Be Your Life: Scenes from the American Indie Underground, 1981-1991",3,57.25
Rip it Up and Start Again,5,35.02
Scott Pilgrim's Precious Little Life (Scott Pilgrim #1),5,52.29
Libertarianism for Beginners,2,51.33
Mesaerion: The Best Science Fiction Stories 1800-1849,1,37.59
Olio,1,23.88
"Our Band Could Be Your Life: Scenes from the American Indie Underground, 1981-1991",3,57.25
Rip it Up and Start Again,5,35.02
Scott Pilgrim's Precious Little Life (Scott Pilgrim #1),5,52.29
Libertarianism for Beginners,2,51.33
Mesaerion: The Best Science Fiction Stories 1800-1849,1,37.59
Olio,1,23.88
"Our Band Could Be Your Life: Scenes from the American Indie Underground, 1981-1991",3,57.25
Rip it Up and Start Again,5,35.02
Scott Pilgrim's Precious Little Life (Scott Pilgrim #1),5,52.29
Libertarianism for Beginners,2,51.33
Mesaerion: The Best Science Fiction Stories 1800-1849,1,37.59
Olio,1,23.88
"Our Band Could Be Your Life: Scenes from the American Indie Underground, 1981-1991",3,57.25
Rip it Up and Start Again,5,35.02
Scott Pilgrim's Precious Little Life (Scott Pilgrim #1),5,52.29
Libertarianism for Beginners,2,51.33
Mesaerion: The Best Science Fiction Stories 1800-1849,1,37.59
Olio,1,23.88
"Our Band Could Be Your Life: Scenes from the American Indie Underground, 1981-1991",3,57.25
Rip it Up and Start Again,5,35.02
Scott Pilgrim's Precious Little Life (Scott Pilgrim #1),5,52.29
Libertarianism for Beginners,2,51.33
Mesaerion: The Best Science Fiction Stories 1800-1849,1,37.59
Olio,1,23.88
"Our Band Could Be Your Life: Scenes from the American Indie Underground, 1981-1991",3,57.25
Rip it Up and Start Again,5,35.02
Scott Pilgrim's Precious Little Life (Scott Pilgrim #1),5,52.29
Libertarianism for Beginners,2,51.33
Mesaerion: The Best Science Fiction Stories 1800-1849,1,37.59
Olio,1,23.88
"Our Band Could Be Your Life: Scenes from the American Indie Underground, 1981-1991",3,57.25
Rip it Up and Start Again,5,35.02
Scott Pilgrim's Precious Little Life (Scott Pilgrim #1),5,52.29
Libertarianism for Beginners,2,51.33
Mesaerion: The Best Science Fiction Stories 1800-1849,1,37.59
Olio,1,23.88
"Our Band Could Be Your Life: Scenes from the American Indie Underground, 1981-1991",3,57.25
Rip it Up and Start Again,5,35.02
Scott Pilgrim's Precious Little Life (Scott Pilgrim #1),5,52.29
Libertarianism for Beginners,2,51.33
Mesaerion: The Best Science Fiction Stories 1800-1849,1,37.59
Olio,1,23.88
"Our Band Could Be Your Life: Scenes from the American Indie Underground, 1981-1991",3,57.25
Rip it Up and Start Again,5,35.02
Scott Pilgrim's Precious Little Life (Scott Pilgrim #1),5,52.29
Libertarianism for Beginners,2,51.33
Mesaerion: The Best Science Fiction Stories 1800-1849,1,37.59
Olio,1,23.88
"Our Band Could Be Your Life: Scenes from the American Indie Underground, 1981-1991",3,57.25
Rip it Up and Start Again,5,35.02
Scott Pilgrim's Precious Little Life (Scott Pilgrim #1),5,52.29
Libertarianism for Beginners,2,51.33
Mesaerion: The Best Science Fiction Stories 1800-1849,1,37.59
Olio,1,23.88
"Our Band Could Be Your Life: Scenes from the American Indie Underground, 1981-1991",3,57.25
Rip it Up and Start Again,5,35.02
Scott Pilgrim's Precious Little Life (Scott Pilgrim #1),5,52.29
Libertarianism for Beginners,2,51.33
Mesaerion: The Best Science Fiction Stories 1800-1849,1,37.59
Olio,1,23.88
"Our Band Could Be Your Life: Scenes from the American Indie Underground, 1981-1991",3,57.25
Rip it Up and Start Again,5,35.02
Scott Pilgrim's Precious Little Life (Scott Pilgrim #1),5,52.29
Libertarianism for Beginners,2,51.33
Mesaerion: The Best Science Fiction Stories 1800-1849,1,37.59
Olio,1,23.88
"Our Band Could Be Your Life: Scenes from the American Indie Underground, 1981-1991",3,57.25
Rip it Up and Start Again,5,35.02
Scott Pilgrim's Precious Little Life (Scott Pilgrim #1),5,52.29
Libertarianism for Beginners,2,51.33
Mesaerion: The Best Science Fiction Stories 1800-1849,1,37.59
Olio,1,23.88
"Our Band Could Be Your Life: Scenes from the American Indie Underground, 1981-1991",3,57.25
Rip it Up and Start Again,5,35.02
Scott Pilgrim's Precious Little Life (Scott Pilgrim #1),5,52.29
Libertarianism for Beginners,2,51.33
Mesaerion: The Best Science Fiction Stories 1800-1849,1,37.59
Olio,1,23.88
"Our Band Could Be Your Life: Scenes from the American Indie Underground, 1981-1991",3,57.25
Rip it Up and Start Again,5,35.02
Scott Pilgrim's Precious Little Life (Scott Pilgrim #1),5,52.29
Libertarianism for Beginners,2,51.33
Mesaerion: The Best Science Fiction Stories 1800-1849,1,37.59
Olio,1,23.88
"Our Band Could Be Your Life: Scenes from the American Indie Underground, 1981-1991",3,57.25
Rip it Up and Start Again,5,35.02
Scott Pilgrim's Precious Little Life (Scott Pilgrim #1),5,52.29
Libertarianism for Beginners,2,51.33
Mesaerion: The Best Science Fiction Stories 1800-1849,1,37.59
Olio,1,23.88
"Our Band Could Be Your Life: Scenes from the American Indie Underground, 1981-1991",3,57.25
Rip it Up and Start Again,5,35.02
Scott Pilgrim's Precious Little Life (Scott Pilgrim #1),5,52.29
Libertarianism for Beginners,2,51.33
Mesaerion: The Best Science Fiction Stories 1800-1849,1,37.59
Olio,1,23.88
"Our Band Could Be Your Life: Scenes from the American Indie Underground, 1981-1991",3,57.25
Rip it Up and Start Again,5,35.02
Scott Pilgrim's Precious Little Life (Scott Pilgrim #1),5,52.29
Libertarianism for Beginners,2,51.33
Mesaerion: The Best Science Fiction Stories 1800-1849,1,37.59
Olio,1,23.88
"Our Band Could Be Your Life: Scenes from the American Indie Underground, 1981-1991",3,57.25
Rip it Up and Start Again,5,35.02
Scott Pilgrim's Precious Little Life (Scott Pilgrim #1),5,52.29
Libertarianism for Beginners,2,51.33
Mesaerion: The Best Science Fiction Stories 1800-1849,1,37.59
Olio,1,23.88
"Our Band Could Be Your Life: Scenes from the American Indie Underground, 1981-1991",3,57.25
Rip it Up and Start Again,5,35.02
Scott Pilgrim's Precious Little Life (Scott Pilgrim #1),5,52.29
Libertarianism for Beginners,2,51.33
Mesaerion: The Best Science Fiction Stories 1800-1849,1,37.59
Olio,1,23.88
"Our Band Could Be Your Life: Scenes from the American Indie Underground, 1981-1991",3,57.25
Rip it Up and Start Again,5,35.02
Scott Pilgrim's Precious Little Life (Scott Pilgrim #1),5,52.29
Libertarianism for Beginners,2,51.33
Mesaerion: The Best Science Fiction Stories 1800-1849,1,37.59
Olio,1,23.88
"Our Band Could Be Your Life: Scenes from the American Indie Underground, 1981-1991",3,57.25
Rip it Up and Start Again,5,35.02
Scott Pilgrim's Precious Little Life (Scott Pilgrim #1),5,52.29
Libertarianism for Beginners,2,51.33
Mesaerion: The Best Science Fiction Stories 1800-1849,1,37.59
Olio,1,23.88
"Our Band Could Be Your Life: Scenes from the American Indie Underground, 1981-1991",3,57.25
Rip it Up and Start Again,5,35.02
Scott Pilgrim's Precious Little Life (Scott Pilgrim #1),5,52.29
Libertarianism for Beginners,2,51.33
Mesaerion: The Best Science Fiction Stories 1800-1849,1,37.59
Olio,1,23.88
"Our Band Could Be Your Life: Scenes from the American Indie Underground, 1981-1991",3,57.25
Rip it Up and Start Again,5,35.02
Scott Pilgrim's Precious Little Life (Scott Pilgrim #1),5,52.29
Libertarianism for Beginners,2,51.33
Mesaerion: The Best Science Fiction Stories 1800-1849,1,37.59
Olio,1,23.88
"Our Band Could Be Your Life: Scenes from the American Indie Underground, 1981-1991",3,57.25
Rip it Up and Start Again,5,35.02
Scott Pilgrim's Precious Little Life (Scott Pilgrim #1),5,52.29
Libertarianism for Beginners,2,51.33
Mesaerion: The Best Science Fiction Stories 1800-1849,1,37.59
Olio,1,23.88
"Our Band Could Be Your Life: Scenes from the American Indie Underground, 1981-1991",3,57.25
Rip it Up and Start Again,5,35.02
Scott Pilgrim's Precious Little Life (Scott Pilgrim #1),5,52.29
Libertarianism for Beginners,2,51.33
Mesaerion: The Best Science Fiction Stories 1800-1849,1,37.59
Olio,1,23.88
"Our Band Could Be Your Life: Scenes from the American Indie Underground, 1981-1991",3,57.25
Rip it Up and Start Again,5,35.02
Scott Pilgrim's Precious Little Life (Scott Pilgrim #1),5,52.29
Libertarianism for Beginners,2,51.33
Mesaerion: The Best Science Fiction Stories 1800-1849,1,37.59
Olio,1,23.88
"Our Band Could Be Your Life: Scenes from the American Indie Underground, 1981-1991",3,57.25
Rip it Up and Start Again,5,35.02
Scott Pilgrim's Precious Little Life (Scott Pilgrim #1),5,52.29
Libertarianism for Beginners,2,51.33
Mesaerion: The Best Science Fiction Stories 1800-1849,1,37.59
Olio,1,23.88
"Our Band Could Be Your Life: Scenes from the American Indie Underground, 1981-1991",3,57.25
Rip it Up and Start Again,5,35.02
Scott Pilgrim's Precious Little Life (Scott Pilgrim #1),5,52.29
Libertarianism for Beginners,2,51.33
Mesaerion: The Best Science Fiction Stories 1800-1849,1,37.59
Olio,1,23.88
"Our Band Could Be Your Life: Scenes from the American Indie Underground, 1981-1991",3,57.25
Rip it Up and Start Again,5,35.02
Scott Pilgrim's Precious Little Life (Scott Pilgrim #1),5,52.29
Libertarianism for Beginners,2,51.33
Mesaerion: The Best Science Fiction Stories 1800-1849,1,37.59
Olio,1,23.88
"Our Band Could Be Your Life: Scenes from the American Indie Underground, 1981-1991",3,57.25
Rip it Up and Start Again,5,35.02
Scott Pilgrim's Precious Little Life (Scott Pilgrim #1),5,52.29
